	SAMPLES	Date	EC	FE	CP	SomPhg	HMBactPhg	CWBactPhg	PGBactPhg	PLBactPhg	BifSorb	BifTot	HMBif	CWBif	PGNeo	PLBif	TLBif	BacR	Pig2Bac	AllBac	HF183TaqMan	FEqPCR	HMMit	CWMit	PGMit	PLMit	Acesulfame	Cyclamate	Saccharain 	Sucralose	Adeno	NoV
UB	E01CW_F	11/11/13	-1.30	-1.30	-0.30	0.70	0.70	0.70	0.70	0.70	1.70	1.70	4.81	4.48	4.56	4.82	4.81	2.68	2.68	2.68	2.68	2.68	4.20	4.00	4.20	4.00	1.70	1.70	1.70	1.70	4.60	2.90
	E02PG_F	11/11/13	-1.30	-1.30	-0.30	0.70	0.70	0.70	0.70	0.70	1.70	1.70	4.81	4.48	4.56	4.82	4.81	2.68	2.68	2.68	2.68	2.68	4.20	4.00	4.20	4.00	1.70	1.70	1.70	1.70	4.60	2.90
	E03PG_F	11/11/13	-1.30	-1.30	-0.30	0.70	0.70	0.70	0.70	0.70	1.70	1.70	4.81	4.48	4.56	4.82	4.81	2.68	2.68	2.68	2.68	2.68	4.20	4.00	4.20	4.00	1.70	1.70	1.70	1.70	4.60	2.90
	E04HM_F	11/11/13	-1.30	-1.30	-0.30	0.70	0.70	0.70	0.70	0.70	1.70	1.70	4.81	4.48	4.56	4.82	4.81	2.68	2.68	2.68	2.68	2.68	4.20	4.00	4.20	4.00	1.70	1.70	1.70	1.70	4.60	2.90
	E05PL_F	11/11/13	-1.30	-1.30	-0.30	0.70	0.70	0.70	0.70	0.70	1.70	1.70	4.81	4.48	4.56	4.82	4.81	2.68	2.68	2.68	2.68	2.68	4.20	4.00	4.20	4.00	1.70	1.70	1.70	1.70	4.60	2.90
	E06PL_F	11/11/13	-1.30	-1.30	-0.30	0.70	0.70	0.70	0.70	0.70	1.70	1.70	4.81	4.48	4.56	4.82	4.81	2.68	2.68	2.68	2.68	2.68	4.20	4.00	4.20	4.00	1.70	1.70	1.70	1.70	4.60	2.90
	E07HM_W	28/01/14	-1.30	-1.30	-0.30	0.70	0.70	0.70	0.70	0.70	1.70	1.70	4.81	4.48	4.56	4.82	4.81	2.68	2.68	2.68	2.68	2.68	4.20	4.00	4.20	4.00	1.70	1.70	1.70	1.70	4.60	2.90
	E08HM_W	28/01/14	-1.30	-1.30	-0.30	0.70	0.70	0.70	0.70	0.70	1.70	1.70	4.81	4.48	4.56	4.82	4.81	2.68	2.68	2.68	2.68	2.68	4.20	4.00	4.20	4.00	1.70	1.70	1.70	1.70	4.60	2.90
	E09PG_W	28/01/14	-1.30	-1.30	-0.30	0.70	0.70	0.70	0.70	0.70	1.70	1.70	4.81	4.48	4.56	4.82	4.81	2.68	2.68	2.68	2.68	2.68	4.20	4.00	4.20	4.00	1.70	1.70	1.70	1.70	4.60	2.90
	E10PG_W	28/01/14	-1.30	-1.30	-0.30	0.70	0.70	0.70	0.70	0.70	1.70	1.70	4.81	4.48	4.56	4.82	4.81	2.68	2.68	2.68	2.68	2.68	4.20	4.00	4.20	4.00	1.70	1.70	1.70	1.70	4.60	2.90
	E11PG_W	28/01/14	-1.30	-1.30	-0.30	0.70	0.70	0.70	0.70	0.70	1.70	1.70	4.81	4.48	4.56	4.82	4.81	2.68	2.68	2.68	2.68	2.68	4.20	4.00	4.20	4.00	1.70	1.70	1.70	1.70	4.60	2.90
	E12CW_W	28/01/14	-1.30	-1.30	-0.30	0.70	0.70	0.70	0.70	0.70	1.70	1.70	4.81	4.48	4.56	4.82	4.81	2.68	2.68	2.68	2.68	2.68	4.20	4.00	4.20	4.00	1.70	1.70	1.70	1.70	4.60	2.90
	E13HM_P	06/05/14	-1.30	-1.30	-0.30	0.70	0.70	0.70	0.70	0.70	1.70	1.70	4.81	4.48	4.56	4.82	4.81	2.68	2.68	2.68	2.68	2.68	4.20	4.00	4.20	4.00	1.70	1.70	1.70	1.70	4.60	2.90
	E14HM_P	06/05/14	-1.30	-1.30	-0.30	0.70	0.70	0.70	0.70	0.70	1.70	1.70	4.81	4.48	4.56	4.82	4.81	2.68	2.68	2.68	2.68	2.68	4.20	4.00	4.20	4.00	1.70	1.70	1.70	1.70	4.60	2.90
	E15CW_P	06/05/14	-1.30	-1.30	-0.30	0.70	0.70	0.70	0.70	0.70	1.70	1.70	4.81	4.48	4.56	4.82	4.81	2.68	2.68	2.68	2.68	2.68	4.20	4.00	4.20	4.00	1.70	1.70	1.70	1.70	4.60	2.90
	E16PG_P	06/05/14	-1.30	-1.30	-0.30	0.70	0.70	0.70	0.70	0.70	1.70	1.70	4.81	4.48	4.56	4.82	4.81	2.68	2.68	2.68	2.68	2.68	4.20	4.00	4.20	4.00	1.70	1.70	1.70	1.70	4.60	2.90
	E17PL_P	06/05/14	-1.30	-1.30	-0.30	0.70	0.70	0.70	0.70	0.70	1.70	1.70	4.81	4.48	4.56	4.82	4.81	2.68	2.68	2.68	2.68	2.68	4.20	4.00	4.20	4.00	1.70	1.70	1.70	1.70	4.60	2.90
	E18PL_P	06/05/14	-1.30	-1.30	-0.30	0.70	0.70	0.70	0.70	0.70	1.70	1.70	4.81	4.48	4.56	4.82	4.81	2.68	2.68	2.68	2.68	2.68	4.20	4.00	4.20	4.00	1.70	1.70	1.70	1.70	4.60	2.90
	E19PG_P	06/05/14	-1.30	-1.30	-0.30	0.70	0.70	0.70	0.70	0.70	1.70	1.70	4.81	4.48	4.56	4.82	4.81	2.68	2.68	2.68	2.68	2.68	4.20	4.00	4.20	4.00	1.70	1.70	1.70	1.70	4.60	2.90
	E20CW_P	06/05/14	-1.30	-1.30	-0.30	0.70	0.70	0.70	0.70	0.70	1.70	1.70	4.81	4.48	4.56	4.82	4.81	2.68	2.68	2.68	2.68	2.68	4.20	4.00	4.20	4.00	1.70	1.70	1.70	1.70	4.60	2.90
	E21PL_S	18/06/13	-1.30	-1.30	-0.30	0.70	0.70	0.70	0.70	0.70	1.70	1.70	4.81	4.48	4.56	4.82	4.81	2.68	2.68	2.68	2.68	2.68	4.20	4.00	4.20	4.00	1.70	1.70	1.70	1.70	4.60	2.90
	E22PL_S	18/06/13	-1.30	-1.30	-0.30	0.70	0.70	0.70	0.70	0.70	1.70	1.70	4.81	4.48	4.56	4.82	4.81	2.68	2.68	2.68	2.68	2.68	4.20	4.00	4.20	4.00	1.70	1.70	1.70	1.70	4.60	2.90
	E23HM_S	18/06/13	-1.30	-1.30	-0.30	0.70	0.70	0.70	0.70	0.70	1.70	1.70	4.81	4.48	4.56	4.82	4.81	2.68	2.68	2.68	2.68	2.68	4.20	4.00	4.20	4.00	1.70	1.70	1.70	1.70	4.60	2.90
	E24CW_S	18/06/13	-1.30	-1.30	-0.30	0.70	0.70	0.70	0.70	0.70	1.70	1.70	4.81	4.48	4.56	4.82	4.81	2.68	2.68	2.68	2.68	2.68	4.20	4.00	4.20	4.00	1.70	1.70	1.70	1.70	4.60	2.90
	E25PG_S	18/06/13	-1.30	-1.30	-0.30	0.70	0.70	0.70	0.70	0.70	1.70	1.70	4.81	4.48	4.56	4.82	4.81	2.68	2.68	2.68	2.68	2.68	4.20	4.00	4.20	4.00	1.70	1.70	1.70	1.70	4.60	2.90
	E26PG_S	18/06/13	-1.30	-1.30	-0.30	0.70	0.70	0.70	0.70	0.70	1.70	1.70	4.81	4.48	4.56	4.82	4.81	2.68	2.68	2.68	2.68	2.68	4.20	4.00	4.20	4.00	1.70	1.70	1.70	1.70	4.60	2.90
TU WIEN	A01WW-F	27/11/13	-1.30	-1.30	-0.30	0.70	0.70	0.70	0.70	0.70	1.70	1.70	4.81	4.48	4.56	4.82	4.81	2.68	2.68	2.68	2.68	2.68	4.20	4.00	4.20	4.00	1.70	1.70	1.70	1.70	4.60	2.90
	A02WW_F	27/11/13	-1.30	-1.30	-0.30	0.70	0.70	0.70	0.70	0.70	1.70	1.70	4.81	4.48	4.56	4.82	4.81	2.68	2.68	2.68	2.68	2.68	4.20	4.00	4.20	4.00	1.70	1.70	1.70	1.70	4.60	2.90
	A03CW_F	27/11/13	-1.30	-1.30	-0.30	0.70	0.70	0.70	0.70	0.70	1.70	1.70	4.81	4.48	4.56	4.82	4.81	2.68	2.68	2.68	2.68	2.68	4.20	4.00	4.20	4.00	1.70	1.70	1.70	1.70	4.60	2.90
	A04PG_F	27/11/13	-1.30	-1.30	-0.30	0.70	0.70	0.70	0.70	0.70	1.70	1.70	4.81	4.48	4.56	4.82	4.81	2.68	2.68	2.68	2.68	2.68	4.20	4.00	4.20	4.00	1.70	1.70	1.70	1.70	4.60	2.90
	A05PL_F	27/11/13	-1.30	-1.30	-0.30	0.70	0.70	0.70	0.70	0.70	1.70	1.70	4.81	4.48	4.56	4.82	4.81	2.68	2.68	2.68	2.68	2.68	4.20	4.00	4.20	4.00	1.70	1.70	1.70	1.70	4.60	2.90
	A06CT_F	27/11/13	-1.30	-1.30	-0.30	0.70	0.70	0.70	0.70	0.70	1.70	1.70	4.81	4.48	4.56	4.82	4.81	2.68	2.68	2.68	2.68	2.68	4.20	4.00	4.20	4.00	1.70	1.70	1.70	1.70	4.60	2.90
	A07HM_W	26/02/14	-1.30	-1.30	-0.30	0.70	0.70	0.70	0.70	0.70	1.70	1.70	4.81	4.48	4.56	4.82	4.81	2.68	2.68	2.68	2.68	2.68	4.20	4.00	4.20	4.00	1.70	1.70	1.70	1.70	4.60	2.90
	A08HM_W	26/02/14	-1.30	-1.30	-0.30	0.70	0.70	0.70	0.70	0.70	1.70	1.70	4.81	4.48	4.56	4.82	4.81	2.68	2.68	2.68	2.68	2.68	4.20	4.00	4.20	4.00	1.70	1.70	1.70	1.70	4.60	2.90
	A09CW_W	26/02/14	-1.30	-1.30	-0.30	0.70	0.70	0.70	0.70	0.70	1.70	1.70	4.81	4.48	4.56	4.82	4.81	2.68	2.68	2.68	2.68	2.68	4.20	4.00	4.20	4.00	1.70	1.70	1.70	1.70	4.60	2.90
	A10PG_W	26/02/14	-1.30	-1.30	-0.30	0.70	0.70	0.70	0.70	0.70	1.70	1.70	4.81	4.48	4.56	4.82	4.81	2.68	2.68	2.68	2.68	2.68	4.20	4.00	4.20	4.00	1.70	1.70	1.70	1.70	4.60	2.90
	A11PL_W	26/02/14	-1.30	-1.30	-0.30	0.70	0.70	0.70	0.70	0.70	1.70	1.70	4.81	4.48	4.56	4.82	4.81	2.68	2.68	2.68	2.68	2.68	4.20	4.00	4.20	4.00	1.70	1.70	1.70	1.70	4.60	2.90
	A12DG_W	26/02/14	-1.30	-1.30	-0.30	0.70	0.70	0.70	0.70	0.70	1.70	1.70	4.81	4.48	4.56	4.82	4.81	2.68	2.68	2.68	2.68	2.68	4.20	4.00	4.20	4.00	1.70	1.70	1.70	1.70	4.60	2.90
	A13HM_P	28/04/14	-1.30	-1.30	-0.30	0.70	0.70	0.70	0.70	0.70	1.70	1.70	4.81	4.48	4.56	4.82	4.81	2.68	2.68	2.68	2.68	2.68	4.20	4.00	4.20	4.00	1.70	1.70	1.70	1.70	4.60	2.90
	A14HM_P	28/04/14	-1.30	-1.30	-0.30	0.70	0.70	0.70	0.70	0.70	1.70	1.70	4.81	4.48	4.56	4.82	4.81	2.68	2.68	2.68	2.68	2.68	4.20	4.00	4.20	4.00	1.70	1.70	1.70	1.70	4.60	2.90
	A15HO_P	29/04/14	-1.30	-1.30	-0.30	0.70	0.70	0.70	0.70	0.70	1.70	1.70	4.81	4.48	4.56	4.82	4.81	2.68	2.68	2.68	2.68	2.68	4.20	4.00	4.20	4.00	1.70	1.70	1.70	1.70	4.60	2.90
	A16CW_P	29/04/14	-1.30	-1.30	-0.30	0.70	0.70	0.70	0.70	0.70	1.70	1.70	4.81	4.48	4.56	4.82	4.81	2.68	2.68	2.68	2.68	2.68	4.20	4.00	4.20	4.00	1.70	1.70	1.70	1.70	4.60	2.90
	A17BD_P	29/04/14	-1.30	-1.30	-0.30	0.70	0.70	0.70	0.70	0.70	1.70	1.70	4.81	4.48	4.56	4.82	4.81	2.68	2.68	2.68	2.68	2.68	4.20	4.00	4.20	4.00	1.70	1.70	1.70	1.70	4.60	2.90
	A18GO_P	29/04/14	-1.30	-1.30	-0.30	0.70	0.70	0.70	0.70	0.70	1.70	1.70	4.81	4.48	4.56	4.82	4.81	2.68	2.68	2.68	2.68	2.68	4.20	4.00	4.20	4.00	1.70	1.70	1.70	1.70	4.60	2.90
	A19PG_P	29/04/14	-1.30	-1.30	-0.30	0.70	0.70	0.70	0.70	0.70	1.70	1.70	4.81	4.48	4.56	4.82	4.81	2.68	2.68	2.68	2.68	2.68	4.20	4.00	4.20	4.00	1.70	1.70	1.70	1.70	4.60	2.90
	A20HM-S	23/06/14	-1.30	-1.30	-0.30	0.70	0.70	0.70	0.70	0.70	1.70	1.70	4.81	4.48	4.56	4.82	4.81	2.68	2.68	2.68	2.68	2.68	4.20	4.00	4.20	4.00	1.70	1.70	1.70	1.70	4.60	2.90
	A21HM-S	23/06/14	-1.30	-1.30	-0.30	0.70	0.70	0.70	0.70	0.70	1.70	1.70	4.81	4.48	4.56	4.82	4.81	2.68	2.68	2.68	2.68	2.68	4.20	4.00	4.20	4.00	1.70	1.70	1.70	1.70	4.60	2.90
	A22CW-S	24/06/14	-1.30	-1.30	-0.30	0.70	0.70	0.70	0.70	0.70	1.70	1.70	4.81	4.48	4.56	4.82	4.81	2.68	2.68	2.68	2.68	2.68	4.20	4.00	4.20	4.00	1.70	1.70	1.70	1.70	4.60	2.90
	A23PG-S	24/06/14	-1.30	-1.30	-0.30	0.70	0.70	0.70	0.70	0.70	1.70	1.70	4.81	4.48	4.56	4.82	4.81	2.68	2.68	2.68	2.68	2.68	4.20	4.00	4.20	4.00	1.70	1.70	1.70	1.70	4.60	2.90
	A24HO-S	24/06/14	-1.30	-1.30	-0.30	0.70	0.70	0.70	0.70	0.70	1.70	1.70	4.81	4.48	4.56	4.82	4.81	2.68	2.68	2.68	2.68	2.68	4.20	4.00	4.20	4.00	1.70	1.70	1.70	1.70	4.60	2.90
IST	P01HM_F		-1.30	-1.30	-0.30	0.70	0.70	0.70	0.70	0.70	1.70	1.70	4.81	4.48	4.56	4.82	4.81	2.68	2.68	2.68	2.68	2.68	4.20	4.00	4.20	4.00	1.70	1.70	1.70	1.70	4.60	2.90
	P02PG_F		-1.30	-1.30	-0.30	0.70	0.70	0.70	0.70	0.70	1.70	1.70	4.81	4.48	4.56	4.82	4.81	2.68	2.68	2.68	2.68	2.68	4.20	4.00	4.20	4.00	1.70	1.70	1.70	1.70	4.60	2.90
	P03CW_F		-1.30	-1.30	-0.30	0.70	0.70	0.70	0.70	0.70	1.70	1.70	4.81	4.48	4.56	4.82	4.81	2.68	2.68	2.68	2.68	2.68	4.20	4.00	4.20	4.00	1.70	1.70	1.70	1.70	4.60	2.90
	P04PL_F		-1.30	-1.30	-0.30	0.70	0.70	0.70	0.70	0.70	1.70	1.70	4.81	4.48	4.56	4.82	4.81	2.68	2.68	2.68	2.68	2.68	4.20	4.00	4.20	4.00	1.70	1.70	1.70	1.70	4.60	2.90
	P05HM-W		-1.30	-1.30	-0.30	0.70	0.70	0.70	0.70	0.70	1.70	1.70	4.81	4.48	4.56	4.82	4.81	2.68	2.68	2.68	2.68	2.68	4.20	4.00	4.20	4.00	1.70	1.70	1.70	1.70	4.60	2.90
	P06PG-W		-1.30	-1.30	-0.30	0.70	0.70	0.70	0.70	0.70	1.70	1.70	4.81	4.48	4.56	4.82	4.81	2.68	2.68	2.68	2.68	2.68	4.20	4.00	4.20	4.00	1.70	1.70	1.70	1.70	4.60	2.90
	P07CW-W		-1.30	-1.30	-0.30	0.70	0.70	0.70	0.70	0.70	1.70	1.70	4.81	4.48	4.56	4.82	4.81	2.68	2.68	2.68	2.68	2.68	4.20	4.00	4.20	4.00	1.70	1.70	1.70	1.70	4.60	2.90
	P08PL-W		-1.30	-1.30	-0.30	0.70	0.70	0.70	0.70	0.70	1.70	1.70	4.81	4.48	4.56	4.82	4.81	2.68	2.68	2.68	2.68	2.68	4.20	4.00	4.20	4.00	1.70	1.70	1.70	1.70	4.60	2.90
	P09HM_P		-1.30	-1.30	-0.30	0.70	0.70	0.70	0.70	0.70	1.70	1.70	4.81	4.48	4.56	4.82	4.81	2.68	2.68	2.68	2.68	2.68	4.20	4.00	4.20	4.00	1.70	1.70	1.70	1.70	4.60	2.90
	P10PL_P		-1.30	-1.30	-0.30	0.70	0.70	0.70	0.70	0.70	1.70	1.70	4.81	4.48	4.56	4.82	4.81	2.68	2.68	2.68	2.68	2.68	4.20	4.00	4.20	4.00	1.70	1.70	1.70	1.70	4.60	2.90
	P11PG_P		-1.30	-1.30	-0.30	0.70	0.70	0.70	0.70	0.70	1.70	1.70	4.81	4.48	4.56	4.82	4.81	2.68	2.68	2.68	2.68	2.68	4.20	4.00	4.20	4.00	1.70	1.70	1.70	1.70	4.60	2.90
	P12CW_P		-1.30	-1.30	-0.30	0.70	0.70	0.70	0.70	0.70	1.70	1.70	4.81	4.48	4.56	4.82	4.81	2.68	2.68	2.68	2.68	2.68	4.20	4.00	4.20	4.00	1.70	1.70	1.70	1.70	4.60	2.90
	P13HM-SP		-1.30	-1.30	-0.30	0.70	0.70	0.70	0.70	0.70	1.70	1.70	4.81	4.48	4.56	4.82	4.81	2.68	2.68	2.68	2.68	2.68	4.20	4.00	4.20	4.00	1.70	1.70	1.70	1.70	4.60	2.90
	P14HM-SP		-1.30	-1.30	-0.30	0.70	0.70	0.70	0.70	0.70	1.70	1.70	4.81	4.48	4.56	4.82	4.81	2.68	2.68	2.68	2.68	2.68	4.20	4.00	4.20	4.00	1.70	1.70	1.70	1.70	4.60	2.90
	P15CW-SP		-1.30	-1.30	-0.30	0.70	0.70	0.70	0.70	0.70	1.70	1.70	4.81	4.48	4.56	4.82	4.81	2.68	2.68	2.68	2.68	2.68	4.20	4.00	4.20	4.00	1.70	1.70	1.70	1.70	4.60	2.90
	P16CW-SP		-1.30	-1.30	-0.30	0.70	0.70	0.70	0.70	0.70	1.70	1.70	4.81	4.48	4.56	4.82	4.81	2.68	2.68	2.68	2.68	2.68	4.20	4.00	4.20	4.00	1.70	1.70	1.70	1.70	4.60	2.90
	P17PG-SP		-1.30	-1.30	-0.30	0.70	0.70	0.70	0.70	0.70	1.70	1.70	4.81	4.48	4.56	4.82	4.81	2.68	2.68	2.68	2.68	2.68	4.20	4.00	4.20	4.00	1.70	1.70	1.70	1.70	4.60	2.90
	P18PG-SP		-1.30	-1.30	-0.30	0.70	0.70	0.70	0.70	0.70	1.70	1.70	4.81	4.48	4.56	4.82	4.81	2.68	2.68	2.68	2.68	2.68	4.20	4.00	4.20	4.00	1.70	1.70	1.70	1.70	4.60	2.90
	P19PL-SP		-1.30	-1.30	-0.30	0.70	0.70	0.70	0.70	0.70	1.70	1.70	4.81	4.48	4.56	4.82	4.81	2.68	2.68	2.68	2.68	2.68	4.20	4.00	4.20	4.00	1.70	1.70	1.70	1.70	4.60	2.90
	P20PL-SP		-1.30	-1.30	-0.30	0.70	0.70	0.70	0.70	0.70	1.70	1.70	4.81	4.48	4.56	4.82	4.81	2.68	2.68	2.68	2.68	2.68	4.20	4.00	4.20	4.00	1.70	1.70	1.70	1.70	4.60	2.90
	P21HM		-1.30	-1.30	-0.30	0.70	0.70	0.70	0.70	0.70	1.70	1.70	4.81	4.48	4.56	4.82	4.81	2.68	2.68	2.68	2.68	2.68	4.20	4.00	4.20	4.00	1.70	1.70	1.70	1.70	4.60	2.90
	P22HM		-1.30	-1.30	-0.30	0.70	0.70	0.70	0.70	0.70	1.70	1.70	4.81	4.48	4.56	4.82	4.81	2.68	2.68	2.68	2.68	2.68	4.20	4.00	4.20	4.00	1.70	1.70	1.70	1.70	4.60	2.90
	P23PL		-1.30	-1.30	-0.30	0.70	0.70	0.70	0.70	0.70	1.70	1.70	4.81	4.48	4.56	4.82	4.81	2.68	2.68	2.68	2.68	2.68	4.20	4.00	4.20	4.00	1.70	1.70	1.70	1.70	4.60	2.90
	P24CT		-1.30	-1.30	-0.30	0.70	0.70	0.70	0.70	0.70	1.70	1.70	4.81	4.48	4.56	4.82	4.81	2.68	2.68	2.68	2.68	2.68	4.20	4.00	4.20	4.00	1.70	1.70	1.70	1.70	4.60	2.90
	P25DG		-1.30	-1.30	-0.30	0.70	0.70	0.70	0.70	0.70	1.70	1.70	4.81	4.48	4.56	4.82	4.81	2.68	2.68	2.68	2.68	2.68	4.20	4.00	4.20	4.00	1.70	1.70	1.70	1.70	4.60	2.90
DVGW	D01HM_F	18/11/13	-1.30	-1.30	-0.30	0.70	0.70	0.70	0.70	0.70	1.70	1.70	4.81	4.48	4.56	4.82	4.81	2.68	2.68	2.68	2.68	2.68	4.20	4.00	4.20	4.00	1.70	1.70	1.70	1.70	4.60	2.90
	D02PG_F	18/11/13	-1.30	-1.30	-0.30	0.70	0.70	0.70	0.70	0.70	1.70	1.70	4.81	4.48	4.56	4.82	4.81	2.68	2.68	2.68	2.68	2.68	4.20	4.00	4.20	4.00	1.70	1.70	1.70	1.70	4.60	2.90
	D03CW_F	18/11/13	-1.30	-1.30	-0.30	0.70	0.70	0.70	0.70	0.70	1.70	1.70	4.81	4.48	4.56	4.82	4.81	2.68	2.68	2.68	2.68	2.68	4.20	4.00	4.20	4.00	1.70	1.70	1.70	1.70	4.60	2.90
	D04PL_F	18/11/13	-1.30	-1.30	-0.30	0.70	0.70	0.70	0.70	0.70	1.70	1.70	4.81	4.48	4.56	4.82	4.81	2.68	2.68	2.68	2.68	2.68	4.20	4.00	4.20	4.00	1.70	1.70	1.70	1.70	4.60	2.90
	D05HO_F	18/11/13	-1.30	-1.30	-0.30	0.70	0.70	0.70	0.70	0.70	1.70	1.70	4.81	4.48	4.56	4.82	4.81	2.68	2.68	2.68	2.68	2.68	4.20	4.00	4.20	4.00	1.70	1.70	1.70	1.70	4.60	2.90
	D06HM_W	27/01/14	-1.30	-1.30	-0.30	0.70	0.70	0.70	0.70	0.70	1.70	1.70	4.81	4.48	4.56	4.82	4.81	2.68	2.68	2.68	2.68	2.68	4.20	4.00	4.20	4.00	1.70	1.70	1.70	1.70	4.60	2.90
	D07PG_W	27/01/14	-1.30	-1.30	-0.30	0.70	0.70	0.70	0.70	0.70	1.70	1.70	4.81	4.48	4.56	4.82	4.81	2.68	2.68	2.68	2.68	2.68	4.20	4.00	4.20	4.00	1.70	1.70	1.70	1.70	4.60	2.90
	D08CW_W	27/01/14	-1.30	-1.30	-0.30	0.70	0.70	0.70	0.70	0.70	1.70	1.70	4.81	4.48	4.56	4.82	4.81	2.68	2.68	2.68	2.68	2.68	4.20	4.00	4.20	4.00	1.70	1.70	1.70	1.70	4.60	2.90
	D09PL_W	27/01/14	-1.30	-1.30	-0.30	0.70	0.70	0.70	0.70	0.70	1.70	1.70	4.81	4.48	4.56	4.82	4.81	2.68	2.68	2.68	2.68	2.68	4.20	4.00	4.20	4.00	1.70	1.70	1.70	1.70	4.60	2.90
	D10HO_W	27/01/14	-1.30	-1.30	-0.30	0.70	0.70	0.70	0.70	0.70	1.70	1.70	4.81	4.48	4.56	4.82	4.81	2.68	2.68	2.68	2.68	2.68	4.20	4.00	4.20	4.00	1.70	1.70	1.70	1.70	4.60	2.90
	D11HM_P	31/03/14	-1.30	-1.30	-0.30	0.70	0.70	0.70	0.70	0.70	1.70	1.70	4.81	4.48	4.56	4.82	4.81	2.68	2.68	2.68	2.68	2.68	4.20	4.00	4.20	4.00	1.70	1.70	1.70	1.70	4.60	2.90
	D12CW_P	31/03/14	-1.30	-1.30	-0.30	0.70	0.70	0.70	0.70	0.70	1.70	1.70	4.81	4.48	4.56	4.82	4.81	2.68	2.68	2.68	2.68	2.68	4.20	4.00	4.20	4.00	1.70	1.70	1.70	1.70	4.60	2.90
	D13PL_P	31/03/14	-1.30	-1.30	-0.30	0.70	0.70	0.70	0.70	0.70	1.70	1.70	4.81	4.48	4.56	4.82	4.81	2.68	2.68	2.68	2.68	2.68	4.20	4.00	4.20	4.00	1.70	1.70	1.70	1.70	4.60	2.90
	D14HO_P	31/03/14	-1.30	-1.30	-0.30	0.70	0.70	0.70	0.70	0.70	1.70	1.70	4.81	4.48	4.56	4.82	4.81	2.68	2.68	2.68	2.68	2.68	4.20	4.00	4.20	4.00	1.70	1.70	1.70	1.70	4.60	2.90
	D15HM_S	23/06/14	-1.30	-1.30	-0.30	0.70	0.70	0.70	0.70	0.70	1.70	1.70	4.81	4.48	4.56	4.82	4.81	2.68	2.68	2.68	2.68	2.68	4.20	4.00	4.20	4.00	1.70	1.70	1.70	1.70	4.60	2.90
	D16PG_S	23/06/14	-1.30	-1.30	-0.30	0.70	0.70	0.70	0.70	0.70	1.70	1.70	4.81	4.48	4.56	4.82	4.81	2.68	2.68	2.68	2.68	2.68	4.20	4.00	4.20	4.00	1.70	1.70	1.70	1.70	4.60	2.90
	D17CW_S	23/06/14	-1.30	-1.30	-0.30	0.70	0.70	0.70	0.70	0.70	1.70	1.70	4.81	4.48	4.56	4.82	4.81	2.68	2.68	2.68	2.68	2.68	4.20	4.00	4.20	4.00	1.70	1.70	1.70	1.70	4.60	2.90
	D18PL_S	23/06/14	-1.30	-1.30	-0.30	0.70	0.70	0.70	0.70	0.70	1.70	1.70	4.81	4.48	4.56	4.82	4.81	2.68	2.68	2.68	2.68	2.68	4.20	4.00	4.20	4.00	1.70	1.70	1.70	1.70	4.60	2.90
	D19HO_S	23/06/14	-1.30	-1.30	-0.30	0.70	0.70	0.70	0.70	0.70	1.70	1.70	4.81	4.48	4.56	4.82	4.81	2.68	2.68	2.68	2.68	2.68	4.20	4.00	4.20	4.00	1.70	1.70	1.70	1.70	4.60	2.90
	D20HM_S	25/08/14	-1.30	-1.30	-0.30	0.70	0.70	0.70	0.70	0.70	1.70	1.70	4.81	4.48	4.56	4.82	4.81	2.68	2.68	2.68	2.68	2.68	4.20	4.00	4.20	4.00	1.70	1.70	1.70	1.70	4.60	2.90
	D21PG_S	25/08/14	-1.30	-1.30	-0.30	0.70	0.70	0.70	0.70	0.70	1.70	1.70	4.81	4.48	4.56	4.82	4.81	2.68	2.68	2.68	2.68	2.68	4.20	4.00	4.20	4.00	1.70	1.70	1.70	1.70	4.60	2.90
	D22CW_S	25/08/14	-1.30	-1.30	-0.30	0.70	0.70	0.70	0.70	0.70	1.70	1.70	4.81	4.48	4.56	4.82	4.81	2.68	2.68	2.68	2.68	2.68	4.20	4.00	4.20	4.00	1.70	1.70	1.70	1.70	4.60	2.90
	D23PL_S	25/08/14	-1.30	-1.30	-0.30	0.70	0.70	0.70	0.70	0.70	1.70	1.70	4.81	4.48	4.56	4.82	4.81	2.68	2.68	2.68	2.68	2.68	4.20	4.00	4.20	4.00	1.70	1.70	1.70	1.70	4.60	2.90
	D24HO_S	25/08/14	-1.30	-1.30	-0.30	0.70	0.70	0.70	0.70	0.70	1.70	1.70	4.81	4.48	4.56	4.82	4.81	2.68	2.68	2.68	2.68	2.68	4.20	4.00	4.20	4.00	1.70	1.70	1.70	1.70	4.60	2.90
	D25RA_S	25/08/14	-1.30	-1.30	-0.30	0.70	0.70	0.70	0.70	0.70	1.70	1.70	4.81	4.48	4.56	4.82	4.81	2.68	2.68	2.68	2.68	2.68	4.20	4.00	4.20	4.00	1.70	1.70	1.70	1.70	4.60	2.90
UH	F01HM_F	10/12/13	-1.30	-1.30	-0.30	0.70	0.70	0.70	0.70	0.70	1.70	1.70	4.81	4.48	4.56	4.82	4.81	2.68	2.68	2.68	2.68	2.68	4.20	4.00	4.20	4.00	1.70	1.70	1.70	1.70	4.60	2.90
	F02PG_F	10/12/13	-1.30	-1.30	-0.30	0.70	0.70	0.70	0.70	0.70	1.70	1.70	4.81	4.48	4.56	4.82	4.81	2.68	2.68	2.68	2.68	2.68	4.20	4.00	4.20	4.00	1.70	1.70	1.70	1.70	4.60	2.90
	F03PL_F	10/12/13	-1.30	-1.30	-0.30	0.70	0.70	0.70	0.70	0.70	1.70	1.70	4.81	4.48	4.56	4.82	4.81	2.68	2.68	2.68	2.68	2.68	4.20	4.00	4.20	4.00	1.70	1.70	1.70	1.70	4.60	2.90
	F04CW_F	10/12/13	-1.30	-1.30	-0.30	0.70	0.70	0.70	0.70	0.70	1.70	1.70	4.81	4.48	4.56	4.82	4.81	2.68	2.68	2.68	2.68	2.68	4.20	4.00	4.20	4.00	1.70	1.70	1.70	1.70	4.60	2.90
	F05HM_W	11/03/14	-1.30	-1.30	-0.30	0.70	0.70	0.70	0.70	0.70	1.70	1.70	4.81	4.48	4.56	4.82	4.81	2.68	2.68	2.68	2.68	2.68	4.20	4.00	4.20	4.00	1.70	1.70	1.70	1.70	4.60	2.90
	F06HM_W	11/03/14	-1.30	-1.30	-0.30	0.70	0.70	0.70	0.70	0.70	1.70	1.70	4.81	4.48	4.56	4.82	4.81	2.68	2.68	2.68	2.68	2.68	4.20	4.00	4.20	4.00	1.70	1.70	1.70	1.70	4.60	2.90
	F07PG_W	11/03/14	-1.30	-1.30	-0.30	0.70	0.70	0.70	0.70	0.70	1.70	1.70	4.81	4.48	4.56	4.82	4.81	2.68	2.68	2.68	2.68	2.68	4.20	4.00	4.20	4.00	1.70	1.70	1.70	1.70	4.60	2.90
	F08CW_W	11/03/14	-1.30	-1.30	-0.30	0.70	0.70	0.70	0.70	0.70	1.70	1.70	4.81	4.48	4.56	4.82	4.81	2.68	2.68	2.68	2.68	2.68	4.20	4.00	4.20	4.00	1.70	1.70	1.70	1.70	4.60	2.90
	F09PL_W	11/03/14	-1.30	-1.30	-0.30	0.70	0.70	0.70	0.70	0.70	1.70	1.70	4.81	4.48	4.56	4.82	4.81	2.68	2.68	2.68	2.68	2.68	4.20	4.00	4.20	4.00	1.70	1.70	1.70	1.70	4.60	2.90
	F10HM-P	26/05/14	-1.30	-1.30	-0.30	0.70	0.70	0.70	0.70	0.70	1.70	1.70	4.81	4.48	4.56	4.82	4.81	2.68	2.68	2.68	2.68	2.68	4.20	4.00	4.20	4.00	1.70	1.70	1.70	1.70	4.60	2.90
	F11HM-P	26/05/14	-1.30	-1.30	-0.30	0.70	0.70	0.70	0.70	0.70	1.70	1.70	4.81	4.48	4.56	4.82	4.81	2.68	2.68	2.68	2.68	2.68	4.20	4.00	4.20	4.00	1.70	1.70	1.70	1.70	4.60	2.90
	F12CW-P	26/05/14	-1.30	-1.30	-0.30	0.70	0.70	0.70	0.70	0.70	1.70	1.70	4.81	4.48	4.56	4.82	4.81	2.68	2.68	2.68	2.68	2.68	4.20	4.00	4.20	4.00	1.70	1.70	1.70	1.70	4.60	2.90
	F13PL-P	26/05/14	-1.30	-1.30	-0.30	0.70	0.70	0.70	0.70	0.70	1.70	1.70	4.81	4.48	4.56	4.82	4.81	2.68	2.68	2.68	2.68	2.68	4.20	4.00	4.20	4.00	1.70	1.70	1.70	1.70	4.60	2.90
	F14HM_S	25/08/14	-1.30	-1.30	-0.30	0.70	0.70	0.70	0.70	0.70	1.70	1.70	4.81	4.48	4.56	4.82	4.81	2.68	2.68	2.68	2.68	2.68	4.20	4.00	4.20	4.00	1.70	1.70	1.70	1.70	4.60	2.90
	F15HM_S	25/08/14	-1.30	-1.30	-0.30	0.70	0.70	0.70	0.70	0.70	1.70	1.70	4.81	4.48	4.56	4.82	4.81	2.68	2.68	2.68	2.68	2.68	4.20	4.00	4.20	4.00	1.70	1.70	1.70	1.70	4.60	2.90
	F16PL_S	25/08/14	-1.30	-1.30	-0.30	0.70	0.70	0.70	0.70	0.70	1.70	1.70	4.81	4.48	4.56	4.82	4.81	2.68	2.68	2.68	2.68	2.68	4.20	4.00	4.20	4.00	1.70	1.70	1.70	1.70	4.60	2.90
	F17CW_S	25/08/14	-1.30	-1.30	-0.30	0.70	0.70	0.70	0.70	0.70	1.70	1.70	4.81	4.48	4.56	4.82	4.81	2.68	2.68	2.68	2.68	2.68	4.20	4.00	4.20	4.00	1.70	1.70	1.70	1.70	4.60	2.90
	F18PL_S	25/08/14	-1.30	-1.30	-0.30	0.70	0.70	0.70	0.70	0.70	1.70	1.70	4.81	4.48	4.56	4.82	4.81	2.68	2.68	2.68	2.68	2.68	4.20	4.00	4.20	4.00	1.70	1.70	1.70	1.70	4.60	2.90
